20MICRONS,20 Microns
21STCENMGM,.21st Cent.. Mgmt.
3IINFOLTD,3i Infotech
3MINDIA,3M India
3PLAND,3P Land Hold
5PAISA,5Paisa Capital
63MOONS,63 Moons Tech
AAKASH,Aakash Explor
AAREYDRUGS,Aarey Drugs
AARON,Aaron Industries
AARTIDRUGS,Aarti Drugs
AARTIIND,Aarti Industries
AARTISURF,Aarti Surfactant
AARVEEDEN,Aarvee Denims
AARVI,Aarvi Encon
AAVAS,AAVAS Financiers
ABB,A B B
ABBOTINDIA,Abbott India
ABCAPITAL,Aditya Birla Cap
ABFRL,.Aditya Bir.. Fas.
ABMINTLLTD,A B M Internatl
ABSLAMC,Aditya AMC
ACC,ACC
ACCELYA,Accelya Solution
ACCURACY,Accuracy Shippi
ACE,.Action Const..Eq.
ACRYSIL,Acrysil
ADANIENT,Adani Enterp
ADANIGREEN,Adani Green
ADANIPORTS,Adani Ports
ADANIPOWER,Adani Power
ADFFOODS,ADF Foods
ADORWELD,Ador Welding
ADSL,Allied Digital
ADVANIHOTR,Advani Hotels
ADVENZYMES,Advanced Enzyme
AEGISCHEM,Aegis Logistics
AFFLE,Affle India
AGARIND,Agarwal Indl
AGROPHOS,Agro Phos India
AHLADA,Ahlada Engineers
AHLEAST,Asian Hotels (E)
AHLUCONT,Ahluwalia Contr
AIAENG,AIA Engineering
AIRAN,Airan
AIROLAM,Airo Lam
AJANTPHARM,Ajanta Pharma
AJMERA,Ajmera Realty
AJOONI,Ajooni Biotech
AJRINFRA,AJR Infra &
AKG,AKG Exim
AKSHARCHEM,AksharChem (I)
AKSHOPTFBR,Aksh Optifibre
AKZOINDIA,Akzo Nobel
ALANKIT,Alankit
ALBERTDAVD,Albert David
ALEMBICLTD,Alembic
ALICON,Alicon Cast
ALKALI,Alkali Metals
ALKEM,Alkem Lab
ALKYLAMINE,Alkyl Amines
ALLCARGO,Allcargo Logist
ALLSEC,Allsec Tech
ALMONDZ,Almondz Global
ALOKINDS,Alok Industries
ALPA,Alpa Laboratorie
ALPHAGEO,Alphageo (India)
AMARAJABAT,Amara Raja Batt
AMBER,Amber Enterp
AMBICAAGAR,Ambica Agarbat
AMBIKCO,Ambika Cotton
AMBUJACEM,Ambuja Cements
AMDIND,AMD Industries
AMIORG,Ami Organics
AMJLAND,AMJ Land Holdin
AMRUTANJAN,Amrutanjan Healt
ANANDRATHI,Anand Rathi Wea
ANANTRAJ,Anant Raj
ANDHRACEMT,Andhra Cements
ANDHRAPAP,Andhra Paper
ANDHRSUGAR,Andhra Sugars
ANDREWYU,Andrew Yule & Co
ANGELONE,Angel One
ANIKINDS,Anik Industries
ANMOL,Anmol India
ANUP,The Anup Enginee
ANURAS,Anupam Rasayan
APARINDS,Apar Inds
APCL,Anjani Portland
APCOTEXIND,Apcotex Industri
APEX,Apex Frozen Food
APLAPOLLO,APL Apollo Tubes
APLLTD,Alembic Pharma
APOLLO,Apollo Micro Sys
APOLLOHOSP,Apollo Hospitals
APOLLOPIPE,Apollo Pipes
APOLLOTYRE,Apollo Tyres
APOLSINHOT,Apollo Sindoori
APTECHT,Aptech
APTUS,Aptus Value Hou
ARCHIDPLY,Archidply Inds
ARCHIES,Archies
ARENTERP,Rajdarshan Inds
ARIES,Aries Agro
ARIHANTCAP,Arihant Capital
ARIHANTSUP,Arihant Super
ARMANFIN,Arman Financial
AROGRANITE,Aro Granite Inds
ARROWGREEN,Arrow Greentech
ARSHIYA,Arshiya
ARSSINFRA,ARSS Infra
ARTEMISMED,Artemis Medicare
ARVEE,Arvee Laborat
ARVIND,Arvind Ltd
ARVINDFASN,Arvind Fashions
ASAHIINDIA,Asahi India Glas
ASAHISONG,Asahi Songwon
ASALCBR,.Assoc..Alcohols.
ASHAPURMIN,Ashapura Minech
ASHIANA,Ashiana Housing
ASHIMASYN,Ashima
ASHOKA,Ashoka Buildcon
ASHOKLEY,Ashok Leyland
ASIANENE,Asian Energy
ASIANHOTNR,Asian Hotels (N)
ASIANPAINT,Asian Paints
ASIANTILES,Asian Granito
ASPINWALL,Aspinwall & Co
ASTEC,Astec Lifescienc
ASTERDM,Aster DM Health
ASTRAL,Astral
ASTRAMICRO,Astra Microwave
ASTRAZEN,Astrazeneca Phar
ASTRON,Astron Paper
ATFL,Agro Tech Foods
ATULAUTO,Atul Auto
ATUL,Atul
AUBANK,AU Small Finance
AURIONPRO,Aurionpro Sol
AUROPHARMA,Aurobindo Pharma
AURUM,Aurum Proptech
AUSOMENT,Ausom Enter
AUTOAXLES,Automotive Axles
AUTOIND,Autoline Industr
AVADHSUGAR,Avadh Sugar
AVANTIFEED,Avanti Feeds
AVTNPL,AVT Natural Prod
AWHCL,Antony Waste han
AXISBANK,Axis Bank
AXISCADES,AXISCADES Tech
AYMSYNTEX,AYM Syntex
BAFNAPH,Bafna Pharma
BAJAJ-AUTO,Bajaj Auto
BAJAJCON,Bajaj Consumer
BAJAJELEC,Bajaj Electrical
BAJAJFINSV,Bajaj Finserv
BAJAJHCARE,Bajaj Healthcare
BAJAJHIND,Bajaj Hindusthan
BAJAJHLDNG,Bajaj Holdings
BAJFINANCE,Bajaj Finance
BALAJITELE,Balaji Telefilms
BALAMINES,Balaji Amines
BALAXI,Balaxi Pharma
BALKRISHNA,Balkrishna Paper
BALKRISIND,Balkrishna Inds
BALMLAWRIE,Balmer Lawrie
BALPHARMA,Bal Pharma
BALRAMCHIN,Balrampur Chini
BANARBEADS,Banaras Beads
BANARISUG,.Bannari Amm..Sug.
BANCOINDIA,Banco Products
BANDHANBNK,Bandhan Bank
BANG,Bang Overseas
BANKA,Banka Bioloo
BANKBARODA,Bank of Baroda
BANKINDIA,Bank of India
BANSWRAS,Banswara Syntex
BARBEQUE,Barbeque-Nation
BASF,BASF India
BASML,Bannari Amm Spg
BATAINDIA,Bata India
BAYERCROP,Bayer Crop Sci
BBL,Bharat Bijlee
BBTC,Bombay Burmah
BCLIND,BCL Industries
BCP,.B..C.. Power.
BDL,Bharat Dynamics
BEARDSELL,Beardsell
BECTORFOOD,Mrs Bectors
BEDMUTHA,Bedmutha Indus
BEL,Bharat Electron
BEML,BEML Ltd
BEPL,Bhansali Engg
BERGEPAINT,Berger Paints
BESTAGRO,Best Agrolife
BFINVEST,BF Investment
BFUTILITIE,BF Utilities
BGRENERGY,BGR Energy Sys
BHAGCHEM,Bhagiradha Chem
BHAGERIA,Bhageria Indust
BHAGYANGR,Bhagyanagar Ind
BHAGYAPROP,.Bhagya.. Prop.
BHANDARI,Bhandari Hosiery
BHARATFORG,Bharat Forge
BHARATGEAR,Bharat Gears
BHARATRAS,Bharat Rasayan
BHARATWIRE,Bharat Wire
BHARTIARTL,Bharti Airtel
BHEL,B H E L
BIGBLOC,BIGBLOC Const
BIL,Bhartiya Intl
BINDALAGRO,Oswal Green Tech
BIOCON,Biocon
BIOFILCHEM,Biofil Chemicals
BIRLACABLE,Birla Cable
BIRLACORPN,Birla Corpn
BIRLAMONEY,.Adit..Birla Money.
BIRLATYRE,Birla Tyres
BLBLIMITED,BLB
BLISSGVS,Bliss GVS Pharma
BLKASHYAP,.B..L..Kashyap.
BLUEDART,Blue Dart Expres
BLUESTARCO,Blue Star
BODALCHEM,Bodal Chemicals
BOMDYEING,Bombay Dyeing
BOROLTD,Borosil
BORORENEW,Borosil Renew
BOSCHLTD,Bosch
BPCL,B P C L
BRIGADE,Brigade Enterpr
BRITANNIA,Britannia Inds
BRNL,Bharat Road
BROOKS,Brooks Lab
BSE,BSE
BSHSL,Bombay Super Hyb
BSL,BSL
BSOFT,Birlasoft Ltd
BURGERKING,Burger King
BURNPUR,Burnpur Cement
BYKE,The Byke Hospi
CADILAHC,Cadila Health
CAMLINFINE,Camlin Fine
CAMS,Cams Services
CANBK,Canara Bank
CANFINHOME,Can Fin Homes
CAPACITE,Capacit'e Infra
CAPLIPOINT,Caplin Point Lab
CAPTRUST,Capital Trust
CARBORUNIV,Carborundum Uni
CAREERP,Career Point
CARERATING,CARE Ratings
CARTRADE,Cartrade Tech
CASTROLIND,Castrol India
CCHHL,Country Club Hos
CCL,CCL Products
CDSL,C D S L
CEATLTD,CEAT
CEBBCO,Commercial Eng
CELEBRITY,Celebrity Fash
CENTENKA,Century Enka
CENTEXT,Century Extrus
CENTRALBK,Central Bank
CENTRUM,Centrum Capital
CENTUM,Centum Electron
CENTURYPLY,Century Plyboard
CENTURYTEX,Century Textiles
CERA,Cera Sanitary
CEREBRAINT,Cerebra Integr
CESC,CESC
CGCL,Capri Global
CHALET,Chalet Hotels
CHAMBLFERT,Chambal Fert
CHEMBOND,Chembond Chem
CHEMCON,Chemcon Special
CHEMFAB,Chemfab Alka
CHEMPLASTS,Chemplast Sanmar
CHENNPETRO,C P C L
CHOLAFIN,.Cholaman..Inv..&Fn.
CHOLAHLDNG,Chola Financial
CIGNITITEC,Cigniti Tech
CINELINE,Cineline India
CIPLA,Cipla
CLEAN,Clean Science
CLNINDIA,Clariant Chemica
CLSEL,Chamanlal Setia
CMICABLES,CMI
COALINDIA,Coal India
COASTCORP,Coastal Corporat
COCHINSHIP,Cochin Shipyard
COFFEEDAY,Coffee Day Enter
COFORGE,Coforge
COLPAL,Colgate-Palmoliv
COMPINFO,Compuage Info
COMPUSOFT,Compucom Soft
CONCOR,Container Corpn
CONFIPET,Confidence Petro
CONSOFINVT,.Cons.. Finvest.
CONTROLPR,Control Print
CORALFINAC,Coral India Fin
CORDSCABLE,Cords Cable
COROMANDEL,Coromandel Inter
COSMOFILMS,Cosmo Films
COUNCODOS,Country Condo
CRAFTSMAN,Craftsman Auto
CREDITACC,.CreditAcc.. Gram.
CRISIL,CRISIL
CROMPTON,.Crompton Gr.. Con.
CSBBANK,CSB Bank
CTE,Cambridge Tech
CUB,City Union Bank
CUBEXTUB,Cubex Tubings
CUMMINSIND,Cummins India
CUPID,Cupid
CYBERMEDIA,Cyber Media Ind
CYBERTECH,Cybertech Sys
CYIENT,Cyient
DAAWAT,L T Foods
DABUR,Dabur India
DALBHARAT,Dalmia BharatLtd
DALMIASUG,Dalmia Bharat
DAMODARIND,Damodar Indust
DANGEE,Dangee Dums
DATAMATICS,Datamatics Glob
DATAPATTNS,Data Pattern
DBCORP,D B Corp
DBL,Dilip Buildcon
DBSTOCKBRO,.DB Intl..Stock.
DCAL,Dishman Carbogen
DCBBANK,DCB Bank
DCMNVL,DCM Nouvelle
DCMSHRIRAM,DCM Shriram
DCMSRIND,DCM Shriram Inds
DECCANCE,Deccan Cements
DEEPAKFERT,Deepak Fertiliz
DEEPAKNTR,Deepak Nitrite
DEEPENR,Deep Energy
DEEPINDS,Deep Industries
DELPHIFX,Delphi World
DELTACORP,Delta Corp
DELTAMAGNT,Delta Manufact
DEN,Den Networks
DEVYANI,Devyani Intl
DFMFOODS,DFM Foods
DHAMPURSUG,Dhampur Sugar
DHANBANK,Dhanlaxmi Bank
DHANI,Dhani Services
DHANUKA,Dhanuka Agritech
DHARAMSI,Dharamsi Morarji
DHARSUGAR,Dharani Sugars
DHUNINV,Dhunseri Invest
DIAMONDYD,Prataap Snacks
DICIND,DIC India
DIGISPICE,DigiSpice Tech
DIGJAMLMTD,Digjam
DIVISLAB,Divi's Lab
DIXON,Dixon Technolog
DLF,DLF
DLINKINDIA,D-Link India
DMART,Avenue Super
DODLA,Dodla Dairy
DOLLAR,Dollar Industrie
DPABHUSHAN,.D.. P.. Abhushan.
DPSCLTD,India Power Corp
DPWIRES,D P Wires
DREDGECORP,Dredging Corpn
DRREDDY,Dr Reddy's Labs
DSSL,Dynacons Sys
DTIL,Dhunseri Tea
DVL,Dhunseri Vent
DWARKESH,Dwarikesh Sugar
DYNPRO,Dynemic Products
EASTSILK,ESI
ECLERX,eClerx Services
EDELWEISS,.Edelweiss..Fin.
EICHERMOT,Eicher Motors
EIDPARRY,EID Parry
EIFFL,Euro India Fresh
EIHAHOTELS,.EIH Assoc..Hotels.
EIHOTEL,EIH
EIMCOELECO,Eimco Elecon(I)
EKC,Everest Kanto
ELECON,.Elecon Engg..Co.
ELECTCAST,.Electrost..Cast.
ELECTHERM,Electrotherm(I)
ELGIEQUIP,Elgi Equipments
ELGIRUBCO,Elgi Rubber Co
EMAMILTD,Emami
EMAMIPAP,Emami Paper
EMAMIREAL,Emami Realty Ltd
EMKAY,.Emk..Global Fin.
EMMBI,Emmbi Industries
ENDURANCE,Endurance Tech
ENERGYDEV,.Energy Devl..Co.
ENGINERSIN,Engineers India
ENIL,.Ent..Network.
EPL,EPL Ltd
EQUIPPP,Equippp Social
EQUITASBNK,.Equitas Sma.. Fin.
EQUITAS,Equitas Holdings
ERIS,ERIS Lifescience
EROSMEDIA,.Eros Intl..Media.
ESABINDIA,Esab India
ESCORTS,Escorts
ESSARSHPNG,Essar Shipping
ESTER,Ester Industries
EVEREADY,Eveready Inds
EVERESTIND,Everest Inds
EXCELINDUS,Excel Industries
EXIDEIND,Exide Inds
EXPLEOSOL,Expleo Solutions
EXXARO,Exxaro Tiles
FACT,F A C T
FAIRCHEMOR,Fairchem Organic
FCL,Fineotex Chem
FCONSUMER,Future Consumer
FDC,FDC
FEDERALBNK,Federal Bank
FEL,Future Enterp
FELDVR,.Future Ent.. DVR.
FIEMIND,Fiem Industries
FILATEX,Filatex India
FINCABLES,Finolex Cables
FINEORG,Fine Organic
FINOPB,Fino Payments
FINPIPE,Finolex Inds
FLEXITUFF,Flexituff Vent
FLFL,Future Lifestyle
FLUOROCHEM,Gujarat Fluoroch
FMGOETZE,Federal-Mogul Go
FMNL,Future Market
FOCUS,Focus Lighting
FOODSIN,Foods & Inns
FORCEMOT,Force Motors
FORTIS,Fortis Health
FOSECOIND,Foseco India
FRETAIL,Future Retail
FSC,Future Supply
FSL,.Firstsour..Solu.
GABRIEL,Gabriel India
GAEL,.Guj.. Ambuja Exp.
GAIL,GAIL (India)
GALAXYSURF,Galaxy Surfact
GAL,Gyscoal Alloys
GALLANTT,Gallantt Metal
GALLISPAT,Gallantt Ispat
GANDHITUBE,.Gandhi Spl.. Tube.
GANECOS,Ganesha Ecosphe
GANESHBE,Ganesh Benzopl
GANESHHOUC,Ganesh Housing
GANGAFORGE,Ganga Forging
GANGESSECU,Ganges Securitie
GARFIBRES,Garware Tech
GATI,Gati
GAYAPROJ,Gayatri Projects
GDL,Gateway Distr
GEECEE,GeeCee Vent
GEEKAYWIRE,Geekay Wires
GENCON,Generic Engineer
GENESYS,Genesys Intl
GENUSPAPER,Genus Paper & Bo
GENUSPOWER,Genus Power
GEOJITFSL,.Geojit Fin.. Ser.
GEPIL,GE Power
GESHIP,GE Shipping Co
GET&D,GE T&D India
GFLLIMITED,GFL
GHCL,GHCL
GICHSGFIN,GIC Housing Fin
GICRE,General Insuranc
GILLANDERS,Gillanders Arbut
GILLETTE,Gillette India
GINNIFILA,Ginni Filaments
GIPCL,.Guj Inds.. Power.
GKWLIMITED,GKW
GLAND,Gland Pharma
GLAXO,.Glaxosmi.. Pharma.
GLENMARK,Glenmark Pharma
GLOBAL,Global Education
GLOBALVECT,Global Vectra
GLOBE,Globe Textiles
GLOBUSSPR,Globus Spirits
GLS,Glenmark Life
GMBREW,G M Breweries
GMDCLTD,G M D C
GMMPFAUDLR,GMM Pfaudler
GMRINFRA,GMR Infra
GNA,GNA Axles
GNFC,G N F C
GOACARBON,Goa Carbon
GOCLCORP,GOCL Corpn
GOCOLORS,Go Fashion (I)
GODFRYPHLP,Godfrey Phillips
GODREJAGRO,Godrej Agrovet
GODREJCP,Godrej Consumer
GODREJIND,Godrej Industrie
GODREJPROP,Godrej Propert
GOKEX,Gokaldas Exports
GOKULAGRO,Gokul Agro
GOKUL,Gokul Refoils
GOLDIAM,Goldiam Intl
GOODLUCK,Goodluck India
GOODYEAR,Goodyear India
GPIL,Godawari Power
GPPL,Guj Pipavav Port
GPTINFRA,GPT Infraproject
GRANULES,Granules India
GRAPHITE,Graphite India
GRASIM,Grasim Inds
GRAUWEIL,Grauer & Weil
GRAVITA,Gravita India
GREAVESCOT,Greaves Cotton
GREENLAM,Greenlam Industr
GREENPANEL,Greenpanel Inds
GREENPLY,Greenply Industr
GRINDWELL,Grindwell Norton
GRINFRA,G R Infraproject
GROBTEA,Grob Tea Co
GRPLTD,GRP
GRSE,Garden Reach Sh
GSCLCEMENT,.Guj.. Sidhee Cem.
GSFC,G S F C
GSPL,.Guj..St..Petronet.
GTL,GTL
GTNTEX,GTN Textiles
GTPL,GTPL Hathway
GUFICBIO,Gufic BioScience
GUJALKALI,Gujarat Alkalies
GUJAPOLLO,Guj Apollo Inds
GUJGASLTD,Gujarat Gas
GULFOILLUB,Gulf Oil Lubric
GULFPETRO,GP Petroleums
GULPOLY,Gulshan Polyols
HAL,.Hind..Aeronautics.
HAPPSTMNDS,Happiest Minds
HARRMALAYA,.Harri.. Malayalam.
HATHWAY,Hathway Cable
HATSUN,Hatsun Agro
HAVELLS,Havells India
HBLPOWER,HBL Power System
HBSL,HB Stockholdings
HCC,.Hind..Construct.
HCG,.Health..Global.
HCL-INSYS,HCL Infosystems
HCLTECH,HCL Technologies
HDFCAMC,HDFC AMC
HDFCBANK,HDFC Bank
HDFC,H D F C
HDFCLIFE,HDFC Life Insur
HECPROJECT,HEC Infra Proj
HEG,HEG
HEIDELBERG,Heidelberg Cem
HEMIPROP,Hemisphere Prop
HERANBA,Heranba Inds
HERCULES,Hercules Hoists
HERITGFOOD,Heritage Foods
HEROMOTOCO,Hero Motocorp
HESTERBIO,Hester Bios
HEXATRADEX,Hexa Tradex
HFCL,HFCL
HGINFRA,.H..G.. Infra Engg.
HGS,Hinduja Global
HIKAL,Hikal
HIL,Hil Ltd
HIMATSEIDE,.Himatsing.. Seide.
HINDALCO,Hindalco Inds
HINDCOMPOS,.Hind..Composites.
HINDCON,Hindcon Chemical
HINDCOPPER,Hindustan Copper
HINDNATGLS,.Hind..Natl..Glass.
HINDOILEXP,.Hind..Oil Explor.
HINDPETRO,H P C L
HINDUNILVR,.Hind.. Unilever.
HINDZINC,Hindustan Zinc
HIRECT,Hind Rectifiers
HISARMETAL,.Hisar Met..Inds.
HITECHCORP,Hitech Corp
HITECH,Hi-Tech Pipes
HITECHGEAR,The Hi-Tech Gear
HLEGLAS,HLE Glascoat
HMVL,Hindustan Media
HNDFDS,Hindustan Foods
HOMEFIRST,Home First Finan
HONAUT,Honeywell Auto
HONDAPOWER,Honda India
HOVS,HOV Services
HPL,HPL Electric
HSCL,Himadri Special
HSIL,HSIL
HTMEDIA,H T Media
HUBTOWN,Hubtown
HUDCO,H U D C O
HUHTAMAKI,Huhtamaki India
IBREALEST,.Indbull..RealEst.
IBULHSGFIN,Indiabulls Hous
ICEMAKE,ICE Make Refrig
ICICIBANK,ICICI Bank
ICICIGI,ICICI Lombard
ICICIPRULI,ICICI Pru Life
ICIL,Indo Count Inds
ICRA,ICRA
IDBI,IDBI Bank
IDEA,Vodafone Idea
IDFC,I D F C
IDFCFIRSTB,IDFC First Bank
IEX,Indian Energy Ex
IFBAGRO,IFB Agro Inds
IFBIND,IFB Industries
IFCI,IFCI
IFGLEXPOR,IFGL Refractori
IGARASHI,Igarashi Motors
IGL,Indraprastha Gas
IGPL,I G Petrochems
IIFL,IIFL Finance
IIFLSEC,IIFL Securities
IIFLWAM,IIFL Wealth Mgt
IMFA,Indian Metals
IMPAL,India Motor Part
INCREDIBLE,Incredible Indus
INDBANK,Indbank Merchant
INDHOTEL,Indian Hotels Co
INDIACEM,India Cements
INDIAGLYCO,India Glycols
INDIAMART,Indiamart Inter
INDIANB,Indian Bank
INDIANCARD,Indian CardCloth
INDIANHUME,Indian Hume Pipe
INDIGO,Interglobe Aviat
INDIGOPNTS,Indigo Paints
INDLMETER,IMP Powers
INDNIPPON,.India Nipp..Elec.
INDOCO,Indoco Remedies
INDORAMA,Indo Rama Synth
INDOSTAR,Indostar Capital
INDOTECH,.Indo Tech..Trans.
INDOTHAI,Indo Thai Sec
INDRAMEDCO,.Indrapr..Medical.
INDSWFTLAB,Ind-Swift Labs
INDSWFTLTD,Ind-Swift
INDTERRAIN,Indian Terrain
INDUSINDBK,IndusInd Bank
INDUSTOWER,Indus Towers
INEOSSTYRO,INEOS Styrolut
INFIBEAM,Infibeam Avenues
INFOBEAN,InfoBeans Tech
INFY,Infosys
INGERRAND,Ingersoll-Rand
INOXLEISUR,Inox Leisure
INOXWIND,Inox Wind
INSECTICID,.Insecticid..India.
INTELLECT,Intellect Design
INTENTECH,Intense Tech
INTLCONV,.Intl.. Conveyors.
INVENTURE,Inventure Grow
IOB,I O B
IOC,I O C L
IOLCP,IOL Chemicals
IPCALAB,Ipca Labs
IPL,India Pesticides
IRB,.IRB Infra..Devl.
IRCON,Ircon Intl
IRCTC,I R C T C
IRFC,I R F C
IRIS,IRIS Business
IRISDOREME,Iris Clothings
ISEC,ICICI Securities
ISFT,Intrasoft Tech
ISGEC,ISGEC Heavy
ITC,ITC
ITDC,I T D C
ITDCEM,ITD Cem
ITI,ITI
IVC,.IL&FS Inv..Manag.
IVP,IVP
IZMO,IZMO
JAGRAN,Jagran Prakashan
JAGSNPHARM,Jagsonpal Pharma
JAIBALAJI,Jai Balaji Inds
JAICORPLTD,Jai Corp
JAIPURKURT,Nandani Creation
JAMNAAUTO,Jamna Auto Inds
JASH,Jash Engineering
JAYAGROGN,Jayant Agro Org
JAYBARMARU,Jay Bharat Maru
JAYSREETEA,Jay Shree Tea
JBCHEPHARM,J B Chem & Pharm
JBMA,JBM Auto
JCHAC,.Johnson Con.. Hit.
JETFREIGHT,Jet Freight
JHS,.JHS Sven..Lab.
JINDALPHOT,Jindal Photo
JINDALPOLY,Jindal Poly Film
JINDALSAW,Jindal Saw
JINDALSTEL,Jindal Steel
JINDRILL,Jindal Drilling
JINDWORLD,Jindal Worldwide
JISLJALEQS,Jain Irrigation
J&KBANK,J & K Bank
JKCEMENT,J K Cements
JKIL,J Kumar Infra
JKLAKSHMI,JK Lakshmi Cem
JKPAPER,JK Paper
JKTYRE,JK Tyre & Indust
JMA,Jullundur Motor
JMCPROJECT,JMC Projects
JMFINANCIL,JM Financial
JOCIL,Jocil
JPASSOCIAT,JP Associates
JPINFRATEC,Jaypee Infratech
JPPOWER,JP Power Ven
JSL,Jindal Stain
JSLHISAR,.Jindal Stain.. Hi.
JSWHL,JSW Holdings
JSWISPL,JSW Ispat Speci
JSWSTEEL,JSW Steel
JTEKTINDIA,JTEKT India
JUBLFOOD,Jubilant Food
JUBLINDS,Jubilant Inds
JUBLINGREA,Jubilant Ingrev
JUBLPHARMA,Jubilant Pharmo
JUSTDIAL,Just Dial
JYOTHYLAB,Jyothy Labs
KABRAEXTRU,Kabra Extrusion
KAJARIACER,Kajaria Ceramics
KAKATCEM,Kakatiya Cement
KALPATPOWR,Kalpataru Power
KALYANKJIL,Kalyan Jewellers
KAMATHOTEL,Kamat Hotels
KAMDHENU,Kamdhenu
KANANIIND,Kanani Industrie
KANORICHEM,Kanoria Chem
KANPRPLA,Kanpur Plastipa
KANSAINER,Kansai Nerolac
KAPSTON,Kapston Facilit
KARMAENG,Karma Energy Ltd
KARURVYSYA,Karur Vysya Bank
KAUSHALYA,Kaushalya Infra
KAYA,Kaya Ltd
KBCGLOBAL,KBC Global
KCP,K C P
KCPSUGIND,KCP Sugar &Inds
KDDL,KDDL Ltd
KEC,K E C Intl
KEERTI,Keerti Knowledge
KEI,KEI Industries
KELLTONTEC,Kellton Tech
KENNAMET,Kennametal India
KESORAMIND,Kesoram Inds
KEYFINSERV,Keynote Finan
KHADIM,Khadim India
KHAICHEM,Khaitan Chemical
KHANDSE,Khandwala Sec
KICL,Kalyani Invest
KILITCH,Kilitch Drugs
KIMS,Krishna Institu
KINGFA,Kingfa Science
KIOCL,KIOCL
KIRIINDUS,Kiri Industries
KIRLFER,.Kirl.. Ferrous.
KIRLOSBROS,.Kirl.. Brothers.
KIRLOSENG,Kirloskar Oil
KIRLOSIND,Kirloskar Indus
KITEX,Kitex Garments
KKCL,.Kewal Kir..Cloth.
KMSUGAR,KM Sugar Mills
KNRCON,KNR Construct
KOKUYOCMLN,Kokuyo Camlin
KOLTEPATIL,Kolte Patil Dev
KOPRAN,Kopran
KOTAKBANK,.Kotak Mah.. Bank.
KOTARISUG,Kothari Sugars
KOTHARIPET,Kothari Petroche
KOTHARIPRO,Kothari Products
KOVAI,Kovai Medical
KPIGLOBAL,K P I Global Inf
KPITTECH,KPIT Technologi
KPRMILL,K P R Mill Ltd
KRBL,KRBL
KREBSBIO,Krebs Biochem
KRIDHANINF,Kridhan Infra
KRISHANA,Krishana Phosch
KRITI,Kriti Industries
KRSNAA,Krsnaa Diagnost
KSB,KSB
KSCL,Kaveri Seed Co
KSL,Kalyani Steels
KTKBANK,Karnataka Bank
KUANTUM,Kuantum Papers
LAGNAM,Lagnam Spintex
LALPATHLAB,Dr Lal Pathlabs
LAMBODHARA,Lambodhara Text
LAOPALA,La Opala RG
LASA,Lasa Supergeneri
LATENTVIEW,Latent View
LAURUSLABS,Laurus Labs
LAXMICOT,Laxmi Cotspin
LAXMIMACH,.Lak.. Mach.. Works.
LCCINFOTEC,LCC Infotech
LEMONTREE,Lemon Tree Hotel
LFIC,.Lak.. Fin.. & Indl.
LGBBROSLTD,L G Balakrishnan
LGBFORGE,LGB Forge
LIBAS,Libas Consumer
LIBERTSHOE,Liberty Shoes
LICHSGFIN,LIC Housing Fin
LIKHITHA,Likhitha Infra
LINCOLN,Lincoln Pharma
LINDEINDIA,Linde India
LODHA,Macrotech Devel
LOKESHMACH,Lokesh Mach
LOTUSEYE,Lotus Eye Hospit
LPDC,Landmark Prop
LT,Larsen & Toubro
L&TFH,.L&T Fin..Holdings.
LTI,L & T Infotech
LTTS,L&T Technology
LUMAXIND,Lumax Industries
LUMAXTECH,Lumax Auto Tech
LUPIN,Lupin
LUXIND,Lux Industries
LXCHEM,Laxmi Organic
LYKALABS,Lyka Labs
LYPSAGEMS,Lypsa Gems
MAANALU,Maan Aluminium
MACPOWER,Macpower CNC
MADHAV,Madhav Marbles
MADRASFERT,Madras Fertilize
MAGADSUGAR,Magadh Sugar
MAGNUM,Magnum Ventures
MAHABANK,Bank of Maha
MAHASTEEL,Mahamaya Steel
MAHEPC,Mahindra EPC
MAHESHWARI,Maheshwari Logi
MAHINDCIE,Mahindra CIE
MAHLIFE,Mahindra Life
MAHLOG,Mahindra Logis
MAHSCOOTER,.Mah.. Scooters.
MAHSEAMLES,.Mah.. Seamless.
MAITHANALL,Maithan Alloys
MALUPAPER,Malu Paper
MANAKALUCO,Manaksia Alumi
MANAKCOAT,Manaksia Coated
MANAKSIA,Manaksia
MANAKSTEEL,Manaksia Steels
MANALIPETC,Manali Petrochem
MANAPPURAM,Manappuram Fin
MANGALAM,Mangalam Drugs
MANGCHEFER,Mangalore Chem
MANGLMCEM,Mangalam Cement
MANGTIMBER,Mangalam Timber
MANINDS,Man Industries
MANINFRA,Man Infra
MANORG,Mangalam Organic
MAPMYINDIA,.C..E.. Info System.
MARALOVER,Maral Overseas
MARATHON,Marathon Nextgen
MARICO,Marico
MARINE,Marine Electric
MARKSANS,Marksans Pharma
MARSHALL,Marshall Machin
MARUTI,Maruti Suzuki
MASFIN,MAS FINANC SER
MASTEK,Mastek
MATRIMONY,.Matrimony..com.
MAWANASUG,Mawana Sugars
MAXHEALTH,Max Healthcare
MAXIND,Max India Ltd
MAXVIL,Max Ventures
MAYURUNIQ,Mayur Uniquoters
MAZDA,Mazda
MAZDOCK,Mazagon Dock
MBAPL,M B Agro Prod
MBLINFRA,MBL Infrast
MCDOWELL-N,United Spirits
MCL,Madhav Copper
MCLEODRUSS,Mcleod Russel
MCX,.Multi Comm.. Exc.
MEDICAMEQ,Medicamen Biotec
MEDPLUS,Medplus Health
MENONBE,Menon Bearings
METROBRAND,Metro Brands
METROPOLIS,Metropolis Healt
MFL,Meghmani Fineche
MFSL,Max Financial
MGL,Mahanagar Gas
MHRIL,Mahindra Holiday
MICEL,MIC Electronics
MIDHANI,Mishra Dhatu Nig
MINDACORP,Minda Corp
MINDAIND,Minda Industries
MINDTECK,Mindteck (India)
MINDTREE,Mindtree
MIRCELECTR,MIRC Electronics
MIRZAINT,Mirza Internatio
MITTAL,Mittal Life Styl
M&M,M & M
M&MFIN,.M & M Fin.. Serv.
MMFL,M M Forgings
MMP,MMP Industries
MMTC,MMTC
MODISNME,Modison Metals
MOHITIND,Mohit Industries
MOIL,MOIL
MOKSH,Moksh Ornaments
MOL,Meghmani Organi
MOLDTECH,Mold-Tek Technol
MOLDTKPAC,Mold-Tek Pack
MONTECARLO,Monte Carlo Fas
MORARJEE,Morarjee Text
MOREPENLAB,Morepen Labs
MOTHERSUMI,Motherson Sumi
MOTILALOFS,.Motil..Oswal..Fin.
MPHASIS,Mphasis
MPSLTD,MPS
MRF,MRF
MRO-TEK,MRO-TEK Realty
MRPL,M R P L
MSPL,MSP Steel & Pow
MSTCLTD,MSTC
MTARTECH,MTAR Technologie
MTEDUCARE,MT Educare
MTNL,M T N L
MUKANDLTD,Mukand
MUKTAARTS,Mukta Arts
MUNJALAU,Munjal Auto Inds
MUNJALSHOW,Munjal Showa
MURUDCERA,.Murudesh..Ceramic.
MUTHOOTCAP,.Muthoot Cap..Serv.
MUTHOOTFIN,Muthoot Finance
NACLIND,NACL Industries
NAGAFERT,Nagarjuna Fert
NAGREEKCAP,Nagreeka Cap
NAGREEKEXP,Nagreeka Exports
NAHARCAP,Nahar Capital
NAHARINDUS,.Nahar Indl.. Ent.
NAHARPOLY,Nahar Poly
NAM-INDIA,Nippon Life Ind
NATCOPHARM,Natco Pharma
NATHBIOGEN,Nath Bio-Genes
NATIONALUM,.Natl.. Aluminium.
NAUKRI,.Info Edg..(India).
NAVINFLUOR,.Navin Fluo..Intl.
NAVKARCORP,Navkar Corporat
NAVNETEDUL,Navneet Educat
NBCC,NBCC
NBIFIN,.NBI Indl.. Fin.
NBVENTURES,Nava Bharat Vent
NCC,NCC
NCLIND,NCL Industries
NDGL,Naga Dhunseri
NDL,Nandan Denim
NDRAUTO,NDR Auto Compon
NDTV,NDTV
NECCLTD,.North Eastn..Car.
NECLIFE,Nectar Lifesci
NELCAST,Nelcast
NEOGEN,Neogen Chemicals
NESCO,NESCO
NESTLEIND,Nestle India
NETWORK18,.Netwrk..18 Media.
NEULANDLAB,Neuland Labs
NEWGEN,Newgen Software
NFL,.Natl..Fertilizer.
NH,Narayana Hrudaya
NHPC,NHPC Ltd
NIACL,New India Assura
NIBL,NRB Indl Bearing
NIITLTD,NIIT
NILKAMAL,Nilkamal Ltd
NIPPOBATRY,Indo National
NIRAJ,Niraj Cement
NITCO,Nitco
NKIND,N K Industries
NLCINDIA,NLC India
NMDC,NMDC
NOCIL,NOCIL
NOIDATOLL,Noida Tollbridg
NORBTEAEXP,Norben Tea
NOVARTIND,Novartis India
NRAIL,N R Agarwal Inds
NRBBEARING,NRB Bearings
NSIL,Nalwa Sons Invst
NTPC,NTPC
NUCLEUS,Nucleus Soft
NURECA,Nureca
NUVOCO,Nuvoco Vistas
NXTDIGITAL,NxtDigital
NYKAA,FSN E-Commerce
OAL,Oriental Aromat
OBEROIRLTY,Oberoi Realty
OCCL,Oriental Carbon
OFSS,.Oracle Fin..Serv.
OIL,Oil India
OMAXAUTO,Omax Autos
OMAXE,Omaxe
OMINFRAL,Om Infra
ONELIFECAP,Onelife Capital
ONGC,O N G C
ONMOBILE,OnMobile Global
ONWARDTEC,Onward Technolog
OPTIEMUS,Optiemus Infra
ORBTEXP,Orbit Exports
ORICONENT,Oricon Enterpris
ORIENTABRA,Orient Abrasives
ORIENTALTL,Oriental Trimex
ORIENTBELL,Orient Bell
ORIENTCEM,Orient Cement
ORIENTELEC,Orient Electric
ORIENTHOT,Oriental Hotels
ORIENTLTD,Orient Press
ORIENTPPR,Orient Paper
ORISSAMINE,Orissa Minerals
ORTINLAB,Ortin Labs
OSWALAGRO,Oswal Agro Mills
PAGEIND,Page Industries
PAISALO,Paisalo Digital
PALASHSECU,Palash Securi
PANACEABIO,Panacea Biotec
PANACHE,Panache Digilife
PANAMAPET,Panama Petrochem
PARAGMILK,Parag Milk Foods
PARAS,Paras Defence
PAR,Par Drugs & Che
PARSVNATH,Parsvnath Devl
PASUPTAC,Pasupati Acrylon
PATELENG,Patel Engineerin
PATINTLOG,Patel Integrated
PATSPINLTD,Patspin India
PAYTM,One 97
PBAINFRA,P B A Infra
PCJEWELLER,PC Jeweller
PDMJEPAPER,Pudumjee Paper
PDSMFL,PDS Multi
PEARLPOLY,Pearl Polymers
PEL,Piramal Enterp
PENIND,Pennar Industrie
PERSISTENT,Persistent Sys
PETRONET,Petronet LNG
PFC,.Power Fin..Corpn.
PFIZER,Pfizer
PFOCUS,Prime Focus
PFS,PTC India Fin
PGEL,PG Electroplast
PGHH,P & G Hygiene
PGHL,P & G Health Ltd
PGIL,Pearl Global Ind
PHILIPCARB,Phillips Carbon
PHOENIXLTD,Phoenix Mills
PIDILITIND,Pidilite Inds
PIIND,P I Industries
PILANIINVS,Pilani Invest
PILITA,Pil Italica Life
PIONDIST,Pioneer Distil
PIONEEREMB,.Pion.. Embroider.
PITTIENG,Pitti Engg
PLASTIBLEN,Plastiblends (I)
PNB,.Punjab Natl..Bank.
PNBGILTS,PNB Gilts
PNBHOUSING,PNB Housing
PNC,Prit Nandy Comm
PNCINFRA,PNC Infratech
PODDARHOUS,Poddar Housing
PODDARMENT,Poddar Pigments
POKARNA,Pokarna
POLICYBZR,PB Fintech
POLYCAB,Polycab India
POLYMED,Poly Medicure
POLYPLEX,Polyplex Corpn
PONNIERODE,.Ponni Sug..Erode.
POONAWALLA,Poonawalla Fin
POWERGRID,Power Grid Corpn
POWERINDIA,Hitachi Energy
POWERMECH,Power Mech Proj
PPAP,PPAP Automotive
PPL,Prakash Pipes
PRAENG,Prajay Engineers
PRAJIND,Praj Industries
PRAKASH,Prakash Industri
PRAKASHSTL,Prakash Steelage
PRECAM,Precision Camshf
PRECOT,Precot
PRECWIRE,.Prec.. Wires (I).
PREMEXPLN,.Prem.. Explosives.
PREMIERPOL,Premier Polyfilm
PRESSMN,Pressman Adv
PRESTIGE,Prestige Estates
PRICOLLTD,Pricol Ltd
PRIMESECU,Prime Securities
PRINCEPIPE,Prince Pipes
PRITIKAUTO,Pritika Auto
PRIVISCL,Privi Speci
PROZONINTU,Prozone Intu
PRSMJOHNSN,Prism Johnson
PSB,.Pun.. & Sind Bank.
PSPPROJECT,PSP Projects
PTC,PTC India
PTL,PTL Enterprises
PUNJABCHEM,Punjab Chemicals
PURVA,Puravankara
PVR,PVR
QUESS,Quess Corp
QUICKHEAL,Quick Heal Tech
RADICO,Radico Khaitan
RADIOCITY,Music Broadcast
RAILTEL,Railtel Corpn
RAIN,Rain Industries
RAJESHEXPO,Rajesh Exports
RAJMET,Rajnandini Metal
RAJTV,Raj Television
RALLIS,Rallis India
RAMANEWS,Shree Rama News
RAMASTEEL,Rama Steel Tubes
RAMCOCEM,The Ramco Cement
RAMCOIND,Ramco Inds
RAMCOSYS,Ramco Systems
RAMKY,Ramky Infra
RANASUG,Rana Sugars
RANEENGINE,Rane Engine Val
RANEHOLDIN,Rane Holdings
RATEGAIN,Rategain Travel
RATNAMANI,Ratnamani Metals
RAYMOND,Raymond
RBLBANK,RBL Bank
RBL,Rane Brake Lin
RCF,R C F
RCOM,Reliance Communi
RECLTD,REC Ltd
REDINGTON,Redington India
REFEX,Refex Industries
RELAXO,Relaxo Footwear
RELIANCE,Reliance Industr
RELIGARE,Religare Enterp
REMSONSIND,Remsons Ind
RENUKA,.Sh..Renuka Sugar.
REPCOHOME,Repco Home Fin
REPL,.Rudrabhish.. Ent.
REPRO,Repro India
RESPONIND,Responsive Ind
REVATHI,Revathi Equipmnt
RGL,.Renaiss.. Global.
RHFL,Reliance Home
RHIM,RHI Magnesita
RICOAUTO,Rico Auto Inds
RIIL,.Rel.. Indl.. Infra.
RITES,Rites
RKEC,RKEC Projects
RKFORGE,Ramkrishna Forg
RML,Rane (Madras)
ROLEXRINGS,Rolex Rings
ROLLT,Rollatainers
ROSSARI,Rossari Biotech
ROSSELLIND,Rossell India
ROUTE,Route Mobile
RPGLIFE,RPG LifeScience
RPOWER,Reliance Power
RPPINFRA,RPP Infra Proj
RPPL,Rajshree Polypac
RPSGVENT,RPSG Ventures
RSSOFTWARE,R S Software (I)
RSWM,RSWM Ltd
RSYSTEMS,R Systems Intl
RTNINDIA,RattanIndia Ent
RTNPOWER,Rattanindia Pow
RUBYMILLS,Ruby Mills
RUCHI,Ruchi Soya Inds
RUCHIRA,Ruchira Papers
RUPA,Rupa & Co
RUSHIL,Rushil Decor
RVHL,Ravinder Heights
RVNL,Rail Vikas
SADBHAV,Sadbhav Engg
SADBHIN,Sadbhav Infra
SAFARI,Safari Inds
SAGCEM,Sagar Cements
SAIL,S A I L
SAKAR,Sakar Healthcare
SAKHTISUG,Sakthi Sugars
SAKSOFT,Saksoft
SAKUMA,Sakuma Exports
SALASAR,Salasar Techno
SALONA,Salona Cotspin
SALSTEEL,.S..A..L Steel.
SALZERELEC,Salzer Electron
SANCO,Sanco Industries
SANDESH,Sandesh
SANDHAR,Sandhar Tech
SANGAMIND,Sangam India
SANGHIIND,Sanghi Industrie
SANGHVIMOV,Sanghvi Movers
SANOFI,Sanofi India
SANSERA,Sansera Enginee
SAPPHIRE,Sapphire Foods
SARDAEN,Sarda Energy
SARLAPOLY,Sarla Performanc
SASKEN,Sasken Technol
SASTASUNDR,Sastasundar Ven
SATIA,Satia Industries
SATIN,Satin Creditcare
SBCL,Shivalik Bimetal
SBICARD,SBI Cards
SBILIFE,SBI Life Insuran
SBIN,St Bk of India
SCHAEFFLER,Schaeffler India
SCHAND,S Chand & Compan
SCHNEIDER,Schneider Elect
SCI,S C I
SDBL,Som Distilleries
SECURKLOUD,SecureKloud Tech
SELAN,.Selan Expl.. Tech.
SELMC,.SEL Mfg.. Co.
SEQUENT,Sequent Scien
SERVOTECH,Servotech Power
SESHAPAPER,Seshasayee Paper
SETCO,Setco Automotive
SEYAIND,Seya Industries
SFL,Sheela Foam
SGIL,Synergy Green
SGL,STL Global
SHAKTIPUMP,Shakti Pumps
SHALBY,Shalby
SHALPAINTS,Shalimar Paints
SHANKARA,Shankara Build
SHANTIGEAR,Shanthi Gears
SHARDACROP,Sharda Cropchem
SHARDAMOTR,Sharda Motor
SHAREINDIA,Share India Sec
SHIL,Somany Home Inn
SHILPAMED,Shilpa Medicare
SHIVALIK,Shivalik Rasayan
SHIVAMILLS,Shiva Mills
SHIVATEX,Shiva Texyarn
SHK,S H Kelkar & Co
SHOPERSTOP,Shoppers Stop
SHRADHA,Shradha Infrapr
SHREDIGCEM,.Sh.. Digvijay Cem.
SHREECEM,Shree Cement
SHREEPUSHK,.Sh..Pushkar Chem.
SHREERAMA,.Sh.. Rama Multi.
SHRENIK,Shrenik
SHREYANIND,Shreyans Inds
SHREYAS,Shreyas Shipping
SHRIRAMCIT,.Shri..City Union.
SHRIRAMEPC,Shriram EPC
SHRIRAMPPS,Shriram Properti
SHYAMCENT,Shyam Century
SHYAMMETL,Shyam Metalics
SIEMENS,Siemens
SIGACHI,Sigachi Indust
SIGIND,Signet Industrie
SIKKO,Sikko Industries
SILGO,Silgo Retail
SILINV,SIL Investments
SIMBHALS,Simbhaoli Sugar
SIMPLEXINF,Simplex Infra
SINTERCOM,Sintercom India
SIRCA,Sirca Paints
SIS,SIS
SIYSIL,Siyaram Silk
SJS,SJS Enterprises
SJVN,SJVN
SKFINDIA,SKF India
SKIPPER,Skipper
SKMEGGPROD,SKM Egg Prod
SMARTLINK,Smartlink Hold
SMCGLOBAL,SMC Global Sec
SMLISUZU,SML ISUZU
SMLT,Sarthak Metals
SMSLIFE,SMS Lifesciences
SMSPHARMA,SMS Pharma
SNOWMAN,Snowman Logistic
SOBHA,Sobha
SOLARA,Solara Active
SOLARINDS,Solar Industries
SOMANYCERA,Somany Ceramics
SOMICONVEY,.Somi Conv..Belt.
SONACOMS,Sona BLW Precis
SONATSOFTW,Sonata Software
SORILINFRA,SORIL Infra
SOTL,Savita Oil Tech
SOUTHBANK,.South Ind..Bank.
SPAL,S P Apparels
SPANDANA,Spandana Sphoort
SPARC,SPARC
SPECIALITY,Speciality Rest
SPENCERS,Spencer's Retail
SPIC,S P I C
SPICEJET,SpiceJet
SPLIL,SPL Industries
SPTL,Sintex Plastics
SREEL,Sreeleathers
SRF,SRF
SRHHYPOLTD,.Sr..Rayala..Hypo.
SRIPIPES,.Srikalahas.. Pip.
SRPL,Shree Ram Proti
SRTRANSFIN,Shriram Trans
SSWL,.Steel Str.. Wheel.
STARCEMENT,Star Cement
STAR,Strides Pharma
STARHEALTH,Star Health Insu
STARPAPER,Star Paper Mills
STCINDIA,S T C
STEELCAS,Steelcast
STEELCITY,Steel City Sec
STEELXIND,Steel Exchange
STEL,STEL Holdings
STERTOOLS,Sterling Tools
STLTECH,Sterlite Tech
STOVEKRAFT,Stove Kraft
STYLAMIND,Stylam Industrie
SUBEXLTD,Subex
SUBROS,Subros
SUDARSCHEM,Sudarshan Chem
SUMEETINDS,Sumeet Industrie
SUMICHEM,Sumitomo Chemi
SUMIT,Sumit Woods
SUMMITSEC,Summit Securitie
SUNCLAYLTD,Sundaram Clayton
SUNDARMFIN,Sundaram Finance
SUNDARMHLD,.Sundaram Fin..Hol.
SUNDRMBRAK,Sundaram Brake
SUNDRMFAST,Sundram Fasten
SUNFLAG,Sunflag Iron
SUNPHARMA,.Sun Pharma..Inds.
SUNTECK,Sunteck Realty
SUNTV,Sun TV Network
SUPERHOUSE,Superhouse Ltd
SUPERSPIN,Super Spinning
SUPPETRO,Supreme Petroch
SUPRAJIT,Suprajit Engg
SUPREMEENG,Supreme Engg
SUPREMEIND,Supreme Inds
SUPRIYA,Supriya Lifesci
SURANAT&P,Surana Telecom
SURYALAXMI,.Suryalak.. Cott.
SURYAROSNI,Surya Roshni
SURYODAY,Suryoday Small
SUTLEJTEX,Sutlej Textiles
SUULD,Suumaya Indust
SUVEN,Suven Life Scie
SUVENPHAR,Suven Pharma
SUVIDHAA,Suvidhaa Info
SUZLON,Suzlon Energy
SVPGLOB,SVP Global
SWANENERGY,Swan Energy
SWARAJENG,Swaraj Engines
SWELECTES,Swelect Energy
SWSOLAR,Sterling & Wils
SYMPHONY,Symphony
SYNGENE,Syngene Intl
TAINWALCHM,Tainwala Chem
TAJGVK,TajGVK Hotels
TAKE,Take Solutions
TALBROAUTO,Talbros Auto
TANLA,Tanla Platforms
TARAPUR,Tarapur Trans
TARC,TARC Ltd
TARMAT,Tarmat
TARSONS,Tarsons Products
TASTYBITE,Tasty Bite Eat
TATACHEM,Tata Chemicals
TATACOFFEE,Tata Coffee
TATACOMM,Tata Comm
TATACONSUM,Tata Consumer
TATAELXSI,Tata Elxsi
TATAINVEST,.Tata Inv..Corpn.
TATAMETALI,Tata Metaliks
TATAMOTORS,Tata Motors
TATAMTRDVR,Tata Motors-DVR
TATAPOWER,Tata Power Co
TATASTEEL,Tata Steel
TATASTLLP,Tata Steel Long
TATVA,Tatva Chintan
TBZ,T B Z
TCI,Transport Corp
TCIDEVELOP,TCI Developers
TCIEXP,TCI Express
TCIFINANCE,TCI Finance
TCNSBRANDS,TCNS Clothing Co
TCPLPACK,TCPL Packaging
TCS,TCS
TDPOWERSYS,TD Power Systems
TEAMLEASE,Team Lease Serv
TECHM,Tech Mahindra
TECHNOE,.Techno Elec..Engg.
TEGA,Tega Inds
TEJASNET,Tejas Networks
TERASOFT,Tera Software
TEXINFRA,Texmaco Infrast
TEXMOPIPES,Texmo Pipes
TEXRAIL,Texmaco Rail
TFCILTD,.Tour.. Fin.. Corp.
TGBHOTELS,TGB Banquets
THANGAMAYL,Thangamayil Jew
THEINVEST,.The Invest..Trust.
THEMISMED,Themis Medicare
THERMAX,Thermax
THOMASCOOK,Thomas Cook (I)
THYROCARE,Thyrocare Tech
TIDEWATER,Tide Water Oil
TIIL,.Technocraf..Inds.
TIINDIA,Tube Investments
TIJARIA,Tijaria Polypipe
TIL,TIL
TIMESGTY,Times Guaranty
TIMETECHNO,Time Technoplast
TIMKEN,Timken India
TINPLATE,Tinplate Co
TIRUMALCHM,Thirumalai Chem
TITAN,Titan Company
TMRVL,Mandhana Retail
TNPETRO,T N Petro Prod
TNPL,T N Newsprint
TOKYOPLAST,Tokyo Plast Intl
TORNTPHARM,Torrent Pharma
TORNTPOWER,Torrent Power
TOTAL,Total Transport
TOUCHWOOD,Touchwood Enter
TPLPLASTEH,TPL Plastech
TREEHOUSE,Tree House Edu
TREJHARA,Trejhara Solutio
TRENT,Trent
TRIDENT,Trident
TRIGYN,Trigyn Techno
TRIL,T R I L
TRITURBINE,Triveni Turbine
TRIVENI,.Triven..Engg..Ind.
TTKHLTCARE,TTK Healthcare
TTKPRESTIG,TTK Prestige
TTL,T T
TV18BRDCST,TV18 Broadcast
TVSELECT,TVS Elec
TVSMOTOR,TVS Motor Co
TVSSRICHAK,TVS Srichakra
TVTODAY,.T..V.. Today Netw.
TWL,Titagarh Wagons
UBL,United Breweries
UCALFUEL,Ucal Fuel Sys
UCOBANK,UCO Bank
UDAICEMENT,Udaipur Cement
UFLEX,Uflex
UFO,UFO Moviez
UGARSUGAR,Ugar Sugar Works
UGROCAP,Ugro Capital
UJJIVAN,.Ujjivan Fin..Ser.
UJJIVANSFB,Ujjivan Small
ULTRACEMCO,UltraTech Cem
UMANGDAIRY,Umang Dairies
UNICHEMLAB,Unichem Labs
UNIDT,United Drilling
UNIENTER,Uniphos Enter
UNIONBANK,Union Bank (I)
UNITEDTEA,United Nilgiri
UNIVASTU,Univastu India
UNIVCABLES,Universal Cables
UNIVPHOTO,Universus Photo
UPL,UPL
URJA,Urja Global
USHAMART,Usha Martin
UTIAMC,UTI AMC
UTTAMSTL,Uttam Galva Stee
UTTAMSUGAR,.Uttam Sug..Mills.
VADILALIND,Vadilal Inds
VAIBHAVGBL,Vaibhav Global
VAISHALI,Vaishali Pharma
VAKRANGEE,Vakrangee
VALIANTORG,Valiant Organics
VARDHACRLC,Vardhman Acrylic
VARROC,Varroc Engineer
VASCONEQ,Vascon Engineers
VASWANI,Vaswani Industri
VBL,Varun Beverages
VEDL,Vedanta
VENKEYS,Venky's (India)
VENUSREM,Venus Remedies
VERTOZ,Vertoz Advertis
VESUVIUS,Vesuvius India
VETO,Veto Switchgears
VGUARD,V-Guard Industri
VHL,Vardhman Hold
VIDHIING,Vidhi Specialty
VIJAYA,Vijaya Diagnost
VIKASLIFE,Vikas Lifecare
VIKASPROP,Vikas Proppant
VIKASWSP,Vikas Wsp
VIMTALABS,Vimta Labs
VINATIORGA,Vinati Organics
VINDHYATEL,Vindhya Telelink
VINEETLAB,Vineet Laborator
VINYLINDIA,Vinyl Chemicals
VIPCLOTHNG,VIP Clothing
VIPIND,V I P Inds
VIPULLTD,Vipul Ltd
VISAKAIND,Visaka Industrie
VISHAL,Vishal Fabrics
VISHWARAJ,Vishwaraj Sugar
VIVIMEDLAB,Vivimed Labs
VLSFINANCE,VLS Finance
VMART,V-Mart Retail
VOLTAMP,.Volt..Transform.
VOLTAS,Voltas
VRLLOG,VRL Logistics
VSSL,Vardhman Special
VSTIND,VST Industries
VSTTILLERS,.VST Till.. Tract.
VTL,Vardhman Textile
WABAG,Va Tech Wabag
WABCOINDIA,WABCO India
WALCHANNAG,.Walchan.. Inds.
WATERBASE,Waterbase
WEBELSOLAR,Websol Energy
WEIZMANIND,Weizmann
WELCORP,Welspun Corp
WELENT,Welspun Enterp
WELINV,Welspun Investme
WELSPUNIND,Welspun India
WENDT,Wendt India
WESTLIFE,Westlife Develop
WHEELS,Wheels India
WHIRLPOOL,Whirlpool India
WINDLAS,Windlas Biotech
WINDMACHIN,Windsor Machines
WINPRO,Winpro Industrie
WIPRO,Wipro
WOCKPHARMA,Wockhardt
WONDERLA,Wonderla Holiday
WORTH,Worth Peripheral
WSTCSTPAPR,West Coast Paper
XCHANGING,Xchanging Sol
XELPMOC,Xelpmoc Design
YESBANK,Yes Bank
YUKEN,Yuken India
ZEEL,Zee Entertainmen
ZEELEARN,Zee Learn
ZENITHEXPO,Zenith Exports
ZENSARTECH,Zensar Tech
ZENTEC,Zen Technologies
ZODIAC,Zodiac Energy
ZODIACLOTH,.Zodiac Cloth.. Co.
ZOMATO,Zomato Ltd
ZOTA,Zota Health Care
ZUARI,Zuari Agro Chem
ZUARIGLOB,Zuari Global
ZYDUSWELL,Zydus Wellness
